#nii_code,mext_code,name_ja,name_en,nii_code,mext_code,name_ja,name_en,nii_code,mext_code,name_ja,name_en
1,A,大区分A,Broad Section A,2,01,中区分1:思想、芸術およびその関連分野,"Medium-sized Section 1:Philosophy, art, and related fields",3,01010,小区分01010:哲学および倫理学関連,Basic Section 01010:Philosophy and ethics-related
1,A,大区分A,Broad Section A,2,01,中区分1:思想、芸術およびその関連分野,"Medium-sized Section 1:Philosophy, art, and related fields",4,01020,小区分01020:中国哲学、印度哲学および仏教学関連,"Basic Section 01020:Chinese philosophy, Indian philosophy and Buddhist philosophy-related"
1,A,大区分A,Broad Section A,2,01,中区分1:思想、芸術およびその関連分野,"Medium-sized Section 1:Philosophy, art, and related fields",5,01030,小区分01030:宗教学関連,Basic Section 01030:Religious studies-related
1,A,大区分A,Broad Section A,2,01,中区分1:思想、芸術およびその関連分野,"Medium-sized Section 1:Philosophy, art, and related fields",6,01040,小区分01040:思想史関連,Basic Section 01040:History of thought-related
1,A,大区分A,Broad Section A,2,01,中区分1:思想、芸術およびその関連分野,"Medium-sized Section 1:Philosophy, art, and related fields",7,01050,小区分01050:美学および芸術論関連,Basic Section 01050:Aesthetics and art studies-related
1,A,大区分A,Broad Section A,2,01,中区分1:思想、芸術およびその関連分野,"Medium-sized Section 1:Philosophy, art, and related fields",8,01060,小区分01060:美術史関連,Basic Section 01060:History of arts-related
1,A,大区分A,Broad Section A,2,01,中区分1:思想、芸術およびその関連分野,"Medium-sized Section 1:Philosophy, art, and related fields",9,01070,小区分01070:芸術実践論関連,Basic Section 01070:Theory of art practice-related
1,A,大区分A,Broad Section A,2,01,中区分1:思想、芸術およびその関連分野,"Medium-sized Section 1:Philosophy, art, and related fields",10,01080,小区分01080:科学社会学および科学技術史関連,"Basic Section 01080:Sociology of science, history of science and technology-related"
1,A,大区分A,Broad Section A,2,01,中区分1:思想、芸術およびその関連分野,"Medium-sized Section 1:Philosophy, art, and related fields",11,90010,小区分90010:デザイン学関連,Basic Section 90010:Design-related
1,A,大区分A,Broad Section A,12,02,中区分2:文学、言語学およびその関連分野,"Medium-sized Section 2:Literature, linguistics, and related fields",13,02010,小区分02010:日本文学関連,Basic Section 02010:Japanese literature-related
1,A,大区分A,Broad Section A,12,02,中区分2:文学、言語学およびその関連分野,"Medium-sized Section 2:Literature, linguistics, and related fields",14,02020,小区分02020:中国文学関連,Basic Section 02020:Chinese literature-related
1,A,大区分A,Broad Section A,12,02,中区分2:文学、言語学およびその関連分野,"Medium-sized Section 2:Literature, linguistics, and related fields",15,02030,小区分02030:英文学および英語圏文学関連,Basic Section 02030:English literature and literature in the English language-related
1,A,大区分A,Broad Section A,12,02,中区分2:文学、言語学およびその関連分野,"Medium-sized Section 2:Literature, linguistics, and related fields",16,02040,小区分02040:ヨーロッパ文学関連,Basic Section 02040:European literature-related
1,A,大区分A,Broad Section A,12,02,中区分2:文学、言語学およびその関連分野,"Medium-sized Section 2:Literature, linguistics, and related fields",17,02050,小区分02050:文学一般関連,Basic Section 02050:Literature in general-related
1,A,大区分A,Broad Section A,12,02,中区分2:文学、言語学およびその関連分野,"Medium-sized Section 2:Literature, linguistics, and related fields",18,02060,小区分02060:言語学関連,Basic Section 02060:Linguistics-related
1,A,大区分A,Broad Section A,12,02,中区分2:文学、言語学およびその関連分野,"Medium-sized Section 2:Literature, linguistics, and related fields",19,02070,小区分02070:日本語学関連,Basic Section 02070:Japanese linguistics-related
1,A,大区分A,Broad Section A,12,02,中区分2:文学、言語学およびその関連分野,"Medium-sized Section 2:Literature, linguistics, and related fields",20,02080,小区分02080:英語学関連,Basic Section 02080:English linguistics-related
1,A,大区分A,Broad Section A,12,02,中区分2:文学、言語学およびその関連分野,"Medium-sized Section 2:Literature, linguistics, and related fields",21,02090,小区分02090:日本語教育関連,Basic Section 02090:Japanese language education-related
1,A,大区分A,Broad Section A,12,02,中区分2:文学、言語学およびその関連分野,"Medium-sized Section 2:Literature, linguistics, and related fields",22,02100,小区分02100:外国語教育関連,Basic Section 02100:Foreign language education-related
1,A,大区分A,Broad Section A,12,02,中区分2:文学、言語学およびその関連分野,"Medium-sized Section 2:Literature, linguistics, and related fields",23,90020,小区分90020:図書館情報学および人文社会情報学関連,"Basic Section 90020:Library and information science, humanistic and social informatics-related"
1,A,大区分A,Broad Section A,24,03,中区分3:歴史学、考古学、博物館学およびその関連分野,"Medium-sized Section 3:History, archaeology, museology, and related fields",25,03010,小区分03010:史学一般関連,Basic Section 03010:Historical studies in general-related
1,A,大区分A,Broad Section A,24,03,中区分3:歴史学、考古学、博物館学およびその関連分野,"Medium-sized Section 3:History, archaeology, museology, and related fields",26,03020,小区分03020:日本史関連,Basic Section 03020:Japanese history-related
1,A,大区分A,Broad Section A,24,03,中区分3:歴史学、考古学、博物館学およびその関連分野,"Medium-sized Section 3:History, archaeology, museology, and related fields",27,03030,小区分03030:アジア史およびアフリカ史関連,Basic Section 03030:History of Asia and Africa-related
1,A,大区分A,Broad Section A,24,03,中区分3:歴史学、考古学、博物館学およびその関連分野,"Medium-sized Section 3:History, archaeology, museology, and related fields",28,03040,小区分03040:ヨーロッパ史およびアメリカ史関連,Basic Section 03040:History of Europe and America-related
1,A,大区分A,Broad Section A,24,03,中区分3:歴史学、考古学、博物館学およびその関連分野,"Medium-sized Section 3:History, archaeology, museology, and related fields",29,03050,小区分03050:考古学関連,Basic Section 03050:Archaeology-related
1,A,大区分A,Broad Section A,24,03,中区分3:歴史学、考古学、博物館学およびその関連分野,"Medium-sized Section 3:History, archaeology, museology, and related fields",30,03060,小区分03060:文化財科学関連,Basic Section 03060:Cultural assets study-related
1,A,大区分A,Broad Section A,24,03,中区分3:歴史学、考古学、博物館学およびその関連分野,"Medium-sized Section 3:History, archaeology, museology, and related fields",31,03070,小区分03070:博物館学関連,Basic Section 03070:Museology-related
1,A,大区分A,Broad Section A,32,04,中区分4:地理学、文化人類学、民俗学およびその関連分野,"Medium-sized Section 4:Geography, cultural anthropology, folklore, and related fields",33,04010,小区分04010:地理学関連,Basic Section 04010:Geography-related
1,A,大区分A,Broad Section A,32,04,中区分4:地理学、文化人類学、民俗学およびその関連分野,"Medium-sized Section 4:Geography, cultural anthropology, folklore, and related fields",34,04020,小区分04020:人文地理学関連,Basic Section 04020:Human geography-related
1,A,大区分A,Broad Section A,32,04,中区分4:地理学、文化人類学、民俗学およびその関連分野,"Medium-sized Section 4:Geography, cultural anthropology, folklore, and related fields",35,04030,小区分04030:文化人類学および民俗学関連,Basic Section 04030:Cultural anthropology and folklore-related
1,A,大区分A,Broad Section A,32,04,中区分4:地理学、文化人類学、民俗学およびその関連分野,"Medium-sized Section 4:Geography, cultural anthropology, folklore, and related fields",36,80010,小区分80010:地域研究関連,Basic Section 80010:Area studies-related
1,A,大区分A,Broad Section A,32,04,中区分4:地理学、文化人類学、民俗学およびその関連分野,"Medium-sized Section 4:Geography, cultural anthropology, folklore, and related fields",37,80020,小区分80020:観光学関連,Basic Section 80020:Tourism studies-related
1,A,大区分A,Broad Section A,32,04,中区分4:地理学、文化人類学、民俗学およびその関連分野,"Medium-sized Section 4:Geography, cultural anthropology, folklore, and related fields",38,80030,小区分80030:ジェンダー関連,Basic Section 80030:Gender studies-related
1,A,大区分A,Broad Section A,39,05,中区分5:法学およびその関連分野,Medium-sized Section 5:Law and related fields,40,05010,小区分05010:基礎法学関連,Basic Section 05010:Legal theory and history-related
1,A,大区分A,Broad Section A,39,05,中区分5:法学およびその関連分野,Medium-sized Section 5:Law and related fields,41,05020,小区分05020:公法学関連,Basic Section 05020:Public law-related
1,A,大区分A,Broad Section A,39,05,中区分5:法学およびその関連分野,Medium-sized Section 5:Law and related fields,42,05030,小区分05030:国際法学関連,Basic Section 05030:International law-related
1,A,大区分A,Broad Section A,39,05,中区分5:法学およびその関連分野,Medium-sized Section 5:Law and related fields,43,05040,小区分05040:社会法学関連,Basic Section 05040:Social law-related
1,A,大区分A,Broad Section A,39,05,中区分5:法学およびその関連分野,Medium-sized Section 5:Law and related fields,44,05050,小区分05050:刑事法学関連,Basic Section 05050:Criminal law-related
1,A,大区分A,Broad Section A,39,05,中区分5:法学およびその関連分野,Medium-sized Section 5:Law and related fields,45,05060,小区分05060:民事法学関連,Basic Section 05060:Civil law-related
1,A,大区分A,Broad Section A,39,05,中区分5:法学およびその関連分野,Medium-sized Section 5:Law and related fields,46,05070,小区分05070:新領域法学関連,Basic Section 05070:New fields of law-related
1,A,大区分A,Broad Section A,47,06,中区分6:政治学およびその関連分野,Medium-sized Section 6:Political science and related fields,48,06010,小区分06010:政治学関連,Basic Section 06010:Politics-related
1,A,大区分A,Broad Section A,47,06,中区分6:政治学およびその関連分野,Medium-sized Section 6:Political science and related fields,49,06020,小区分06020:国際関係論関連,Basic Section 06020:International relations-related
1,A,大区分A,Broad Section A,47,06,中区分6:政治学およびその関連分野,Medium-sized Section 6:Political science and related fields,36,80010,小区分80010:地域研究関連,Basic Section 80010:Area studies-related
1,A,大区分A,Broad Section A,47,06,中区分6:政治学およびその関連分野,Medium-sized Section 6:Political science and related fields,38,80030,小区分80030:ジェンダー関連,Basic Section 80030:Gender studies-related
1,A,大区分A,Broad Section A,50,07,中区分7:経済学、経営学およびその関連分野,"Medium-sized Section 7:Economics, business administration, and related fields",51,07010,小区分07010:理論経済学関連,Basic Section 07010:Economic theory-related
1,A,大区分A,Broad Section A,50,07,中区分7:経済学、経営学およびその関連分野,"Medium-sized Section 7:Economics, business administration, and related fields",52,07020,小区分07020:経済学説および経済思想関連,Basic Section 07020:Economic doctrines and economic thought-related
1,A,大区分A,Broad Section A,50,07,中区分7:経済学、経営学およびその関連分野,"Medium-sized Section 7:Economics, business administration, and related fields",53,07030,小区分07030:経済統計関連,Basic Section 07030:Economic statistics-related
1,A,大区分A,Broad Section A,50,07,中区分7:経済学、経営学およびその関連分野,"Medium-sized Section 7:Economics, business administration, and related fields",54,07040,小区分07040:経済政策関連,Basic Section 07040:Economic policy-related
1,A,大区分A,Broad Section A,50,07,中区分7:経済学、経営学およびその関連分野,"Medium-sized Section 7:Economics, business administration, and related fields",55,07050,小区分07050:公共経済および労働経済関連,Basic Section 07050:Public economics and labor economics-related
1,A,大区分A,Broad Section A,50,07,中区分7:経済学、経営学およびその関連分野,"Medium-sized Section 7:Economics, business administration, and related fields",56,07060,小区分07060:金融およびファイナンス関連,Basic Section 07060:Money and finance-related
1,A,大区分A,Broad Section A,50,07,中区分7:経済学、経営学およびその関連分野,"Medium-sized Section 7:Economics, business administration, and related fields",57,07070,小区分07070:経済史関連,Basic Section 07070:Economic history-related
1,A,大区分A,Broad Section A,50,07,中区分7:経済学、経営学およびその関連分野,"Medium-sized Section 7:Economics, business administration, and related fields",58,07080,小区分07080:経営学関連,Basic Section 07080:Business administration-related
1,A,大区分A,Broad Section A,50,07,中区分7:経済学、経営学およびその関連分野,"Medium-sized Section 7:Economics, business administration, and related fields",59,07090,小区分07090:商学関連,Basic Section 07090:Commerce-related
1,A,大区分A,Broad Section A,50,07,中区分7:経済学、経営学およびその関連分野,"Medium-sized Section 7:Economics, business administration, and related fields",60,07100,小区分07100:会計学関連,Basic Section 07100:Accounting-related
1,A,大区分A,Broad Section A,50,07,中区分7:経済学、経営学およびその関連分野,"Medium-sized Section 7:Economics, business administration, and related fields",37,80020,小区分80020:観光学関連,Basic Section 80020:Tourism studies-related
1,A,大区分A,Broad Section A,61,08,中区分8:社会学およびその関連分野,Medium-sized Section 8:Sociology and related fields,62,08010,小区分08010:社会学関連,Basic Section 08010:Sociology-related
1,A,大区分A,Broad Section A,61,08,中区分8:社会学およびその関連分野,Medium-sized Section 8:Sociology and related fields,63,08020,小区分08020:社会福祉学関連,Basic Section 08020:Social welfare-related
1,A,大区分A,Broad Section A,61,08,中区分8:社会学およびその関連分野,Medium-sized Section 8:Sociology and related fields,64,08030,小区分08030:家政学および生活科学関連,"Basic Section 08030:Family and consumer sciences, and culture and living-related"
1,A,大区分A,Broad Section A,61,08,中区分8:社会学およびその関連分野,Medium-sized Section 8:Sociology and related fields,37,80020,小区分80020:観光学関連,Basic Section 80020:Tourism studies-related
1,A,大区分A,Broad Section A,61,08,中区分8:社会学およびその関連分野,Medium-sized Section 8:Sociology and related fields,38,80030,小区分80030:ジェンダー関連,Basic Section 80030:Gender studies-related
1,A,大区分A,Broad Section A,65,09,中区分9:教育学およびその関連分野,Medium-sized Section 9:Education and related fields,21,02090,小区分02090:日本語教育関連,Basic Section 02090:Japanese language education-related
1,A,大区分A,Broad Section A,65,09,中区分9:教育学およびその関連分野,Medium-sized Section 9:Education and related fields,22,02100,小区分02100:外国語教育関連,Basic Section 02100:Foreign language education-related
1,A,大区分A,Broad Section A,65,09,中区分9:教育学およびその関連分野,Medium-sized Section 9:Education and related fields,66,09010,小区分09010:教育学関連,Basic Section 09010:Education-related
1,A,大区分A,Broad Section A,65,09,中区分9:教育学およびその関連分野,Medium-sized Section 9:Education and related fields,67,09020,小区分09020:教育社会学関連,Basic Section 09020:Sociology of education-related
1,A,大区分A,Broad Section A,65,09,中区分9:教育学およびその関連分野,Medium-sized Section 9:Education and related fields,68,09030,小区分09030:子ども学および保育学関連,Basic Section 09030:Childhood and nursery/pre-school education-related
1,A,大区分A,Broad Section A,65,09,中区分9:教育学およびその関連分野,Medium-sized Section 9:Education and related fields,69,09040,小区分09040:教科教育学および初等中等教育学関連,Basic Section 09040:Education on school subjects and primary/secondary education-related
1,A,大区分A,Broad Section A,65,09,中区分9:教育学およびその関連分野,Medium-sized Section 9:Education and related fields,70,09050,小区分09050:高等教育学関連,Basic Section 09050:Tertiary education-related
1,A,大区分A,Broad Section A,65,09,中区分9:教育学およびその関連分野,Medium-sized Section 9:Education and related fields,71,09060,小区分09060:特別支援教育関連,Basic Section 09060:Special needs education-related
1,A,大区分A,Broad Section A,65,09,中区分9:教育学およびその関連分野,Medium-sized Section 9:Education and related fields,72,09070,小区分09070:教育工学関連,Basic Section 09070:Educational technology-related
1,A,大区分A,Broad Section A,65,09,中区分9:教育学およびその関連分野,Medium-sized Section 9:Education and related fields,73,09080,小区分09080:科学教育関連,Basic Section 09080:Science education-related
1,A,大区分A,Broad Section A,74,10,中区分10:心理学およびその関連分野,Medium-sized Section 10:Psychology and related fields,75,10010,小区分10010:社会心理学関連,Basic Section 10010:Social psychology-related
1,A,大区分A,Broad Section A,74,10,中区分10:心理学およびその関連分野,Medium-sized Section 10:Psychology and related fields,76,10020,小区分10020:教育心理学関連,Basic Section 10020:Educational psychology-related
1,A,大区分A,Broad Section A,74,10,中区分10:心理学およびその関連分野,Medium-sized Section 10:Psychology and related fields,77,10030,小区分10030:臨床心理学関連,Basic Section 10030:Clinical psychology-related
1,A,大区分A,Broad Section A,74,10,中区分10:心理学およびその関連分野,Medium-sized Section 10:Psychology and related fields,78,10040,小区分10040:実験心理学関連,Basic Section 10040:Experimental psychology-related
1,A,大区分A,Broad Section A,74,10,中区分10:心理学およびその関連分野,Medium-sized Section 10:Psychology and related fields,79,90030,小区分90030:認知科学関連,Basic Section 90030:Cognitive science-related
80,B,大区分B,Broad Section B,81,11,中区分11:代数学、幾何学およびその関連分野,"Medium-sized Section 11:Algebra, geometry, and related fields",82,11010,小区分11010:代数学関連,Basic Section 11010:Algebra-related
80,B,大区分B,Broad Section B,81,11,中区分11:代数学、幾何学およびその関連分野,"Medium-sized Section 11:Algebra, geometry, and related fields",83,11020,小区分11020:幾何学関連,Basic Section 11020:Geometry-related
80,B,大区分B,Broad Section B,84,12,中区分12:解析学、応用数学およびその関連分野,"Medium-sized Section 12:Analysis, applied mathematics, and related fields",85,12010,小区分12010:基礎解析学関連,Basic Section 12010:Basic analysis-related
80,B,大区分B,Broad Section B,84,12,中区分12:解析学、応用数学およびその関連分野,"Medium-sized Section 12:Analysis, applied mathematics, and related fields",86,12020,小区分12020:数理解析学関連,Basic Section 12020:Mathematical analysis-related
80,B,大区分B,Broad Section B,84,12,中区分12:解析学、応用数学およびその関連分野,"Medium-sized Section 12:Analysis, applied mathematics, and related fields",87,12030,小区分12030:数学基礎関連,Basic Section 12030:Basic mathematics-related
80,B,大区分B,Broad Section B,84,12,中区分12:解析学、応用数学およびその関連分野,"Medium-sized Section 12:Analysis, applied mathematics, and related fields",88,12040,小区分12040:応用数学および統計数学関連,Basic Section 12040:Applied mathematics and statistics-related
80,B,大区分B,Broad Section B,89,13,中区分13:物性物理学およびその関連分野,Medium-sized Section 13:Condensed matter physics and related fields,90,13010,小区分13010:数理物理および物性基礎関連,Basic Section 13010:Mathematical physics and fundamental theory of condensed matter physics-related
80,B,大区分B,Broad Section B,89,13,中区分13:物性物理学およびその関連分野,Medium-sized Section 13:Condensed matter physics and related fields,91,13020,小区分13020:半導体、光物性および原子物理関連,"Basic Section 13020:Semiconductors, optical properties of condensed matter and atomic physics-related"
80,B,大区分B,Broad Section B,89,13,中区分13:物性物理学およびその関連分野,Medium-sized Section 13:Condensed matter physics and related fields,92,13030,小区分13030:磁性、超伝導および強相関系関連,"Basic Section 13030:Magnetism, superconductivity and strongly correlated systems-related"
80,B,大区分B,Broad Section B,89,13,中区分13:物性物理学およびその関連分野,Medium-sized Section 13:Condensed matter physics and related fields,93,13040,小区分13040:生物物理、化学物理およびソフトマターの物理関連,"Basic Section 13040:Biophysics, chemical physics and soft matter physics-related"
80,B,大区分B,Broad Section B,94,14,中区分14:プラズマ学およびその関連分野,Medium-sized Section 14:Plasma science and related fields,95,14010,小区分14010:プラズマ科学関連,Basic Section 14010:Fundamental plasma-related
80,B,大区分B,Broad Section B,94,14,中区分14:プラズマ学およびその関連分野,Medium-sized Section 14:Plasma science and related fields,96,14020,小区分14020:核融合学関連,Basic Section 14020:Nuclear fusion-related
80,B,大区分B,Broad Section B,94,14,中区分14:プラズマ学およびその関連分野,Medium-sized Section 14:Plasma science and related fields,97,14030,小区分14030:プラズマ応用科学関連,Basic Section 14030:Applied plasma science-related
80,B,大区分B,Broad Section B,94,14,中区分14:プラズマ学およびその関連分野,Medium-sized Section 14:Plasma science and related fields,98,80040,小区分80040:量子ビーム科学関連,Basic Section 80040:Quantum beam science-related
80,B,大区分B,Broad Section B,99,15,中区分15:素粒子、原子核、宇宙物理学およびその関連分野,"Medium-sized Section 15:Particle-, nuclear-, astro-physics, and related fields",100,15010,小区分15010:素粒子、原子核、宇宙線および宇宙物理に関連する理論,"Basic Section 15010:Theoretical studies related to particle-, nuclear-, cosmic ray and astro-physics"
80,B,大区分B,Broad Section B,99,15,中区分15:素粒子、原子核、宇宙物理学およびその関連分野,"Medium-sized Section 15:Particle-, nuclear-, astro-physics, and related fields",101,15020,小区分15020:素粒子、原子核、宇宙線および宇宙物理に関連する実験,"Basic Section 15020:Experimental studies related to particle-, nuclear-, cosmic ray and astro-physics"
80,B,大区分B,Broad Section B,99,15,中区分15:素粒子、原子核、宇宙物理学およびその関連分野,"Medium-sized Section 15:Particle-, nuclear-, astro-physics, and related fields",98,80040,小区分80040:量子ビーム科学関連,Basic Section 80040:Quantum beam science-related
80,B,大区分B,Broad Section B,102,16,中区分16:天文学およびその関連分野,Medium-sized Section 16:Astronomy and related fields,103,16010,小区分16010:天文学関連,Basic Section 16010:Astronomy-related
80,B,大区分B,Broad Section B,104,17,中区分17:地球惑星科学およびその関連分野,Medium-sized Section 17:Earth and planetary science and related fields,105,17010,小区分17010:宇宙惑星科学関連,Basic Section 17010:Space and planetary sciences-related
80,B,大区分B,Broad Section B,104,17,中区分17:地球惑星科学およびその関連分野,Medium-sized Section 17:Earth and planetary science and related fields,106,17020,小区分17020:大気水圏科学関連,Basic Section 17020:Atmospheric and hydrospheric sciences-related
80,B,大区分B,Broad Section B,104,17,中区分17:地球惑星科学およびその関連分野,Medium-sized Section 17:Earth and planetary science and related fields,107,17030,小区分17030:地球人間圏科学関連,Basic Section 17030:Human geosciences-related
80,B,大区分B,Broad Section B,104,17,中区分17:地球惑星科学およびその関連分野,Medium-sized Section 17:Earth and planetary science and related fields,108,17040,小区分17040:固体地球科学関連,Basic Section 17040:Solid earth sciences-related
80,B,大区分B,Broad Section B,104,17,中区分17:地球惑星科学およびその関連分野,Medium-sized Section 17:Earth and planetary science and related fields,109,17050,小区分17050:地球生命科学関連,Basic Section 17050:Biogeosciences-related
110,C,大区分C,Broad Section C,111,18,中区分18:材料力学、生産工学、設計工学およびその関連分野,"Medium-sized Section 18:Mechanics of materials, production engineering, design engineering, and related fields",112,18010,小区分18010:材料力学および機械材料関連,Basic Section 18010:Mechanics of materials and materials-related
110,C,大区分C,Broad Section C,111,18,中区分18:材料力学、生産工学、設計工学およびその関連分野,"Medium-sized Section 18:Mechanics of materials, production engineering, design engineering, and related fields",113,18020,小区分18020:加工学および生産工学関連,Basic Section 18020:Manufacturing and production engineering-related
110,C,大区分C,Broad Section C,111,18,中区分18:材料力学、生産工学、設計工学およびその関連分野,"Medium-sized Section 18:Mechanics of materials, production engineering, design engineering, and related fields",114,18030,小区分18030:設計工学関連,Basic Section 18030:Design engineering-related
110,C,大区分C,Broad Section C,111,18,中区分18:材料力学、生産工学、設計工学およびその関連分野,"Medium-sized Section 18:Mechanics of materials, production engineering, design engineering, and related fields",115,18040,小区分18040:機械要素およびトライボロジー関連,Basic Section 18040:Machine elements and tribology-related
110,C,大区分C,Broad Section C,116,19,中区分19:流体工学、熱工学およびその関連分野,"Medium-sized Section 19:Fluid engineering, thermal engineering, and related fields",117,19010,小区分19010:流体工学関連,Basic Section 19010:Fluid engineering-related
110,C,大区分C,Broad Section C,116,19,中区分19:流体工学、熱工学およびその関連分野,"Medium-sized Section 19:Fluid engineering, thermal engineering, and related fields",118,19020,小区分19020:熱工学関連,Basic Section 19020:Thermal engineering-related
110,C,大区分C,Broad Section C,119,20,中区分20:機械力学、ロボティクスおよびその関連分野,"Medium-sized Section 20:Mechanical dynamics, robotics, and related fields",120,20010,小区分20010:機械力学およびメカトロニクス関連,Basic Section 20010:Mechanics and mechatronics-related
110,C,大区分C,Broad Section C,119,20,中区分20:機械力学、ロボティクスおよびその関連分野,"Medium-sized Section 20:Mechanical dynamics, robotics, and related fields",121,20020,小区分20020:ロボティクスおよび知能機械システム関連,Basic Section 20020:Robotics and intelligent system-related
110,C,大区分C,Broad Section C,122,21,中区分21:電気電子工学およびその関連分野,Medium-sized Section 21:Electrical and electronic engineering and related fields,123,21010,小区分21010:電力工学関連,Basic Section 21010:Power engineering-related
110,C,大区分C,Broad Section C,122,21,中区分21:電気電子工学およびその関連分野,Medium-sized Section 21:Electrical and electronic engineering and related fields,124,21020,小区分21020:通信工学関連,Basic Section 21020:Communication and network engineering-related
110,C,大区分C,Broad Section C,122,21,中区分21:電気電子工学およびその関連分野,Medium-sized Section 21:Electrical and electronic engineering and related fields,125,21030,小区分21030:計測工学関連,Basic Section 21030:Measurement engineering-related
110,C,大区分C,Broad Section C,122,21,中区分21:電気電子工学およびその関連分野,Medium-sized Section 21:Electrical and electronic engineering and related fields,126,21040,小区分21040:制御およびシステム工学関連,Basic Section 21040:Control and system engineering-related
110,C,大区分C,Broad Section C,122,21,中区分21:電気電子工学およびその関連分野,Medium-sized Section 21:Electrical and electronic engineering and related fields,127,21050,小区分21050:電気電子材料工学関連,Basic Section 21050:Electric and electronic materials-related
110,C,大区分C,Broad Section C,122,21,中区分21:電気電子工学およびその関連分野,Medium-sized Section 21:Electrical and electronic engineering and related fields,128,21060,小区分21060:電子デバイスおよび電子機器関連,Basic Section 21060:Electron device and electronic equipment-related
110,C,大区分C,Broad Section C,129,22,中区分22:土木工学およびその関連分野,Medium-sized Section 22:Civil engineering and related fields,130,22010,小区分22010:土木材料、施工および建設マネジメント関連,"Basic Section 22010:Civil engineering material, execution and construction management-related"
110,C,大区分C,Broad Section C,129,22,中区分22:土木工学およびその関連分野,Medium-sized Section 22:Civil engineering and related fields,131,22020,小区分22020:構造工学および地震工学関連,Basic Section 22020:Structure engineering and earthquake engineering-related
110,C,大区分C,Broad Section C,129,22,中区分22:土木工学およびその関連分野,Medium-sized Section 22:Civil engineering and related fields,132,22030,小区分22030:地盤工学関連,Basic Section 22030:Geotechnical engineering-related
110,C,大区分C,Broad Section C,129,22,中区分22:土木工学およびその関連分野,Medium-sized Section 22:Civil engineering and related fields,133,22040,小区分22040:水工学関連,Basic Section 22040:Hydroengineering-related
110,C,大区分C,Broad Section C,129,22,中区分22:土木工学およびその関連分野,Medium-sized Section 22:Civil engineering and related fields,134,22050,小区分22050:土木計画学および交通工学関連,Basic Section 22050:Civil engineering plan and transportation engineering-related
110,C,大区分C,Broad Section C,129,22,中区分22:土木工学およびその関連分野,Medium-sized Section 22:Civil engineering and related fields,135,22060,小区分22060:土木環境システム関連,Basic Section 22060:Environmental systems for civil engineering-related
110,C,大区分C,Broad Section C,136,23,中区分23:建築学およびその関連分野,"Medium-sized Section 23:Architecture, building engineering, and related fields",137,23010,小区分23010:建築構造および材料関連,Basic Section 23010:Building structures and materials-related
110,C,大区分C,Broad Section C,136,23,中区分23:建築学およびその関連分野,"Medium-sized Section 23:Architecture, building engineering, and related fields",138,23020,小区分23020:建築環境および建築設備関連,Basic Section 23020:Architectural environment and building equipment-related
110,C,大区分C,Broad Section C,136,23,中区分23:建築学およびその関連分野,"Medium-sized Section 23:Architecture, building engineering, and related fields",139,23030,小区分23030:建築計画および都市計画関連,Basic Section 23030:Architectural planning and city planning-related
110,C,大区分C,Broad Section C,136,23,中区分23:建築学およびその関連分野,"Medium-sized Section 23:Architecture, building engineering, and related fields",140,23040,小区分23040:建築史および意匠関連,Basic Section 23040:Architectural history and design-related
110,C,大区分C,Broad Section C,136,23,中区分23:建築学およびその関連分野,"Medium-sized Section 23:Architecture, building engineering, and related fields",11,90010,小区分90010:デザイン学関連,Basic Section 90010:Design-related
110,C,大区分C,Broad Section C,141,24,中区分24:航空宇宙工学、船舶海洋工学およびその関連分野,"Medium-sized Section 24:Aerospace engineering, marine and maritime engineering, and related fields",142,24010,小区分24010:航空宇宙工学関連,Basic Section 24010:Aerospace engineering-related
110,C,大区分C,Broad Section C,141,24,中区分24:航空宇宙工学、船舶海洋工学およびその関連分野,"Medium-sized Section 24:Aerospace engineering, marine and maritime engineering, and related fields",143,24020,小区分24020:船舶海洋工学関連,Basic Section 24020:Marine engineering-related
110,C,大区分C,Broad Section C,144,25,中区分25:社会システム工学、安全工学、防災工学およびその関連分野,"Medium-sized Section 25:Social systems engineering, safety engineering, disaster prevention engineering, and related fields",145,25010,小区分25010:社会システム工学関連,Basic Section 25010:Social systems engineering-related
110,C,大区分C,Broad Section C,144,25,中区分25:社会システム工学、安全工学、防災工学およびその関連分野,"Medium-sized Section 25:Social systems engineering, safety engineering, disaster prevention engineering, and related fields",146,25020,小区分25020:安全工学関連,Basic Section 25020:Safety engineering-related
110,C,大区分C,Broad Section C,144,25,中区分25:社会システム工学、安全工学、防災工学およびその関連分野,"Medium-sized Section 25:Social systems engineering, safety engineering, disaster prevention engineering, and related fields",147,25030,小区分25030:防災工学関連,Basic Section 25030:Disaster prevention engineering-related
148,D,大区分D,Broad Section D,149,26,中区分26:材料工学およびその関連分野,Medium-sized Section 26:Materials engineering and related fields,150,26010,小区分26010:金属材料物性関連,Basic Section 26010:Metallic material properties-related
148,D,大区分D,Broad Section D,149,26,中区分26:材料工学およびその関連分野,Medium-sized Section 26:Materials engineering and related fields,151,26020,小区分26020:無機材料および物性関連,Basic Section 26020:Inorganic materials and properties-related
148,D,大区分D,Broad Section D,149,26,中区分26:材料工学およびその関連分野,Medium-sized Section 26:Materials engineering and related fields,152,26030,小区分26030:複合材料および界面関連,Basic Section 26030:Composite materials and interfaces-related
148,D,大区分D,Broad Section D,149,26,中区分26:材料工学およびその関連分野,Medium-sized Section 26:Materials engineering and related fields,153,26040,小区分26040:構造材料および機能材料関連,Basic Section 26040:Structural materials and functional materials-related
148,D,大区分D,Broad Section D,149,26,中区分26:材料工学およびその関連分野,Medium-sized Section 26:Materials engineering and related fields,154,26050,小区分26050:材料加工および組織制御関連,Basic Section 26050:Material processing and microstructure control-related
148,D,大区分D,Broad Section D,149,26,中区分26:材料工学およびその関連分野,Medium-sized Section 26:Materials engineering and related fields,155,26060,小区分26060:金属生産および資源生産関連,Basic Section 26060:Metals production and resources production-related
148,D,大区分D,Broad Section D,156,27,中区分27:化学工学およびその関連分野,Medium-sized Section 27:Chemical engineering and related fields,157,27010,小区分27010:移動現象および単位操作関連,Basic Section 27010:Transport phenomena and unit operations-related
148,D,大区分D,Broad Section D,156,27,中区分27:化学工学およびその関連分野,Medium-sized Section 27:Chemical engineering and related fields,158,27020,小区分27020:反応工学およびプロセスシステム工学関連,Basic Section 27020:Chemical reaction and process system engineering-related
148,D,大区分D,Broad Section D,156,27,中区分27:化学工学およびその関連分野,Medium-sized Section 27:Chemical engineering and related fields,159,27030,小区分27030:触媒プロセスおよび資源化学プロセス関連,Basic Section 27030:Catalyst and resource chemical process-related
148,D,大区分D,Broad Section D,156,27,中区分27:化学工学およびその関連分野,Medium-sized Section 27:Chemical engineering and related fields,160,27040,小区分27040:バイオ機能応用およびバイオプロセス工学関連,Basic Section 27040:Biofunction and bioprocess engineering-related
148,D,大区分D,Broad Section D,161,28,中区分28:ナノマイクロ科学およびその関連分野,Medium-sized Section 28:Nano/micro science and related fields,162,28010,小区分28010:ナノ構造化学関連,Basic Section 28010:Nanometer-scale chemistry-related
148,D,大区分D,Broad Section D,161,28,中区分28:ナノマイクロ科学およびその関連分野,Medium-sized Section 28:Nano/micro science and related fields,163,28020,小区分28020:ナノ構造物理関連,Basic Section 28020:Nanostructural physics-related
148,D,大区分D,Broad Section D,161,28,中区分28:ナノマイクロ科学およびその関連分野,Medium-sized Section 28:Nano/micro science and related fields,164,28030,小区分28030:ナノ材料科学関連,Basic Section 28030:Nanomaterials-related
148,D,大区分D,Broad Section D,161,28,中区分28:ナノマイクロ科学およびその関連分野,Medium-sized Section 28:Nano/micro science and related fields,165,28040,小区分28040:ナノバイオサイエンス関連,Basic Section 28040:Nanobioscience-related
148,D,大区分D,Broad Section D,161,28,中区分28:ナノマイクロ科学およびその関連分野,Medium-sized Section 28:Nano/micro science and related fields,166,28050,小区分28050:ナノマイクロシステム関連,Basic Section 28050:Nano/micro-systems-related
148,D,大区分D,Broad Section D,167,29,中区分29:応用物理物性およびその関連分野,Medium-sized Section 29:Applied condensed matter physics and related fields,168,29010,小区分29010:応用物性関連,Basic Section 29010:Applied physical properties-related
148,D,大区分D,Broad Section D,167,29,中区分29:応用物理物性およびその関連分野,Medium-sized Section 29:Applied condensed matter physics and related fields,169,29020,小区分29020:薄膜および表面界面物性関連,Basic Section 29020:Thin film/surface and interfacial physical properties-related
148,D,大区分D,Broad Section D,167,29,中区分29:応用物理物性およびその関連分野,Medium-sized Section 29:Applied condensed matter physics and related fields,170,29030,小区分29030:応用物理一般関連,Basic Section 29030:Applied condensed matter physics-related
148,D,大区分D,Broad Section D,171,30,中区分30:応用物理工学およびその関連分野,Medium-sized Section 30:Applied physics and engineering and related fields,172,30010,小区分30010:結晶工学関連,Basic Section 30010:Crystal engineering-related
148,D,大区分D,Broad Section D,171,30,中区分30:応用物理工学およびその関連分野,Medium-sized Section 30:Applied physics and engineering and related fields,173,30020,小区分30020:光工学および光量子科学関連,Basic Section 30020:Optical engineering and photon science-related
148,D,大区分D,Broad Section D,174,31,中区分31:原子力工学、地球資源工学、エネルギー学およびその関連分野,"Medium-sized Section 31:Nuclear engineering, earth resources engineering, energy engineering, and related fields",175,31010,小区分31010:原子力工学関連,Basic Section 31010:Nuclear engineering-related
148,D,大区分D,Broad Section D,174,31,中区分31:原子力工学、地球資源工学、エネルギー学およびその関連分野,"Medium-sized Section 31:Nuclear engineering, earth resources engineering, energy engineering, and related fields",176,31020,小区分31020:地球資源工学およびエネルギー学関連,"Basic Section 31020:Earth resource engineering, Energy sciences-related"
148,D,大区分D,Broad Section D,177,90,中区分90:人間医工学およびその関連分野,Medium-sized Section 90:Biomedical engineering and related fields,178,90110,小区分90110:生体医工学関連,Basic Section 90110:Biomedical engineering-related
148,D,大区分D,Broad Section D,177,90,中区分90:人間医工学およびその関連分野,Medium-sized Section 90:Biomedical engineering and related fields,179,90120,小区分90120:生体材料学関連,Basic Section 90120:Biomaterials-related
148,D,大区分D,Broad Section D,177,90,中区分90:人間医工学およびその関連分野,Medium-sized Section 90:Biomedical engineering and related fields,180,90130,小区分90130:医用システム関連,Basic Section 90130:Medical systems-related
148,D,大区分D,Broad Section D,177,90,中区分90:人間医工学およびその関連分野,Medium-sized Section 90:Biomedical engineering and related fields,181,90140,小区分90140:医療技術評価学関連,Basic Section 90140:Medical technology assessment-related
148,D,大区分D,Broad Section D,177,90,中区分90:人間医工学およびその関連分野,Medium-sized Section 90:Biomedical engineering and related fields,182,90150,小区分90150:医療福祉工学関連,Basic Section 90150:Medical assistive technology-related
183,E,大区分E,Broad Section E,184,32,中区分32:物理化学、機能物性化学およびその関連分野,"Medium-sized Section 32:Physical chemistry, functional solid state chemistry, and related fields",185,32010,小区分32010:基礎物理化学関連,Basic Section 32010:Fundamental physical chemistry-related
183,E,大区分E,Broad Section E,184,32,中区分32:物理化学、機能物性化学およびその関連分野,"Medium-sized Section 32:Physical chemistry, functional solid state chemistry, and related fields",186,32020,小区分32020:機能物性化学関連,Basic Section 32020:Functional solid state chemistry-related
183,E,大区分E,Broad Section E,187,33,中区分33:有機化学およびその関連分野,Medium-sized Section 33:Organic chemistry and related fields,188,33010,小区分33010:構造有機化学および物理有機化学関連,Basic Section 33010:Structural organic chemistry and physical organic chemistry-related
183,E,大区分E,Broad Section E,187,33,中区分33:有機化学およびその関連分野,Medium-sized Section 33:Organic chemistry and related fields,189,33020,小区分33020:有機合成化学関連,Basic Section 33020:Synthetic organic chemistry-related
183,E,大区分E,Broad Section E,190,34,中区分34:無機・錯体化学、分析化学およびその関連分野,"Medium-sized Section 34:Inorganic/coordination chemistry, analytical chemistry, and related fields",191,34010,小区分34010:無機・錯体化学関連,Basic Section 34010:Inorganic/coordination chemistry-related
183,E,大区分E,Broad Section E,190,34,中区分34:無機・錯体化学、分析化学およびその関連分野,"Medium-sized Section 34:Inorganic/coordination chemistry, analytical chemistry, and related fields",192,34020,小区分34020:分析化学関連,Basic Section 34020:Analytical chemistry-related
183,E,大区分E,Broad Section E,190,34,中区分34:無機・錯体化学、分析化学およびその関連分野,"Medium-sized Section 34:Inorganic/coordination chemistry, analytical chemistry, and related fields",193,34030,小区分34030:グリーンサステイナブルケミストリーおよび環境化学関連,Basic Section 34030:Green sustainable chemistry and environmental chemistry-related
183,E,大区分E,Broad Section E,194,35,中区分35:高分子、有機材料およびその関連分野,"Medium-sized Section 35:Polymers, organic materials, and related fields",195,35010,小区分35010:高分子化学関連,Basic Section 35010:Polymer chemistry-related
183,E,大区分E,Broad Section E,194,35,中区分35:高分子、有機材料およびその関連分野,"Medium-sized Section 35:Polymers, organic materials, and related fields",196,35020,小区分35020:高分子材料関連,Basic Section 35020:Polymer materials-related
183,E,大区分E,Broad Section E,194,35,中区分35:高分子、有機材料およびその関連分野,"Medium-sized Section 35:Polymers, organic materials, and related fields",197,35030,小区分35030:有機機能材料関連,Basic Section 35030:Organic functional materials-related
183,E,大区分E,Broad Section E,198,36,中区分36:無機材料化学、エネルギー関連化学およびその関連分野,"Medium-sized Section 36:Inorganic materials chemistry, energy-related chemistry, and related fields",199,36010,小区分36010:無機物質および無機材料化学関連,Basic Section 36010:Inorganic compounds and inorganic materials chemistry-related
183,E,大区分E,Broad Section E,198,36,中区分36:無機材料化学、エネルギー関連化学およびその関連分野,"Medium-sized Section 36:Inorganic materials chemistry, energy-related chemistry, and related fields",200,36020,小区分36020:エネルギー関連化学,Basic Section 36020:Energy-related chemistry
183,E,大区分E,Broad Section E,201,37,中区分37:生体分子化学およびその関連分野,Medium-sized Section 37:Biomolecular chemistry and related fields,202,37010,小区分37010:生体関連化学,Basic Section 37010:Bio-related chemistry
183,E,大区分E,Broad Section E,201,37,中区分37:生体分子化学およびその関連分野,Medium-sized Section 37:Biomolecular chemistry and related fields,203,37020,小区分37020:生物分子化学関連,Basic Section 37020:Chemistry and chemical methodology of biomolecules-related
183,E,大区分E,Broad Section E,201,37,中区分37:生体分子化学およびその関連分野,Medium-sized Section 37:Biomolecular chemistry and related fields,204,37030,小区分37030:ケミカルバイオロジー関連,Basic Section 37030:Chemical biology-related
205,F,大区分F,Broad Section F,206,38,中区分38:農芸化学およびその関連分野,Medium-sized Section 38:Agricultural chemistry and related fields,207,38010,小区分38010:植物栄養学および土壌学関連,Basic Section 38010:Plant nutrition and soil science-related
205,F,大区分F,Broad Section F,206,38,中区分38:農芸化学およびその関連分野,Medium-sized Section 38:Agricultural chemistry and related fields,208,38020,小区分38020:応用微生物学関連,Basic Section 38020:Applied microbiology-related
205,F,大区分F,Broad Section F,206,38,中区分38:農芸化学およびその関連分野,Medium-sized Section 38:Agricultural chemistry and related fields,209,38030,小区分38030:応用生物化学関連,Basic Section 38030:Applied biochemistry-related
205,F,大区分F,Broad Section F,206,38,中区分38:農芸化学およびその関連分野,Medium-sized Section 38:Agricultural chemistry and related fields,210,38040,小区分38040:生物有機化学関連,Basic Section 38040:Bioorganic chemistry-related
205,F,大区分F,Broad Section F,206,38,中区分38:農芸化学およびその関連分野,Medium-sized Section 38:Agricultural chemistry and related fields,211,38050,小区分38050:食品科学関連,Basic Section 38050:Food sciences-related
205,F,大区分F,Broad Section F,206,38,中区分38:農芸化学およびその関連分野,Medium-sized Section 38:Agricultural chemistry and related fields,212,38060,小区分38060:応用分子細胞生物学関連,Basic Section 38060:Applied molecular and cellular biology-related
205,F,大区分F,Broad Section F,213,39,中区分39:生産環境農学およびその関連分野,Medium-sized Section 39:Agricultural and environmental biology and related fields,214,39010,小区分39010:遺伝育種科学関連,Basic Section 39010:Science in plant genetics and breeding-related
205,F,大区分F,Broad Section F,213,39,中区分39:生産環境農学およびその関連分野,Medium-sized Section 39:Agricultural and environmental biology and related fields,215,39020,小区分39020:作物生産科学関連,Basic Section 39020:Crop production science-related
205,F,大区分F,Broad Section F,213,39,中区分39:生産環境農学およびその関連分野,Medium-sized Section 39:Agricultural and environmental biology and related fields,216,39030,小区分39030:園芸科学関連,Basic Section 39030:Horticultural science-related
205,F,大区分F,Broad Section F,213,39,中区分39:生産環境農学およびその関連分野,Medium-sized Section 39:Agricultural and environmental biology and related fields,217,39040,小区分39040:植物保護科学関連,Basic Section 39040:Plant protection science-related
205,F,大区分F,Broad Section F,213,39,中区分39:生産環境農学およびその関連分野,Medium-sized Section 39:Agricultural and environmental biology and related fields,218,39050,小区分39050:昆虫科学関連,Basic Section 39050:Insect science-related
205,F,大区分F,Broad Section F,213,39,中区分39:生産環境農学およびその関連分野,Medium-sized Section 39:Agricultural and environmental biology and related fields,219,39060,小区分39060:生物資源保全学関連,Basic Section 39060:Conservation of biological resources-related
205,F,大区分F,Broad Section F,213,39,中区分39:生産環境農学およびその関連分野,Medium-sized Section 39:Agricultural and environmental biology and related fields,220,39070,小区分39070:ランドスケープ科学関連,Basic Section 39070:Landscape science-related
205,F,大区分F,Broad Section F,221,40,中区分40:森林圏科学、水圏応用科学およびその関連分野,"Medium-sized Section 40:Forestry and forest products science, applied aquatic science, and related fields",222,40010,小区分40010:森林科学関連,Basic Section 40010:Forest science-related
205,F,大区分F,Broad Section F,221,40,中区分40:森林圏科学、水圏応用科学およびその関連分野,"Medium-sized Section 40:Forestry and forest products science, applied aquatic science, and related fields",223,40020,小区分40020:木質科学関連,Basic Section 40020:Wood science-related
205,F,大区分F,Broad Section F,221,40,中区分40:森林圏科学、水圏応用科学およびその関連分野,"Medium-sized Section 40:Forestry and forest products science, applied aquatic science, and related fields",224,40030,小区分40030:水圏生産科学関連,Basic Section 40030:Aquatic bioproduction science-related
205,F,大区分F,Broad Section F,221,40,中区分40:森林圏科学、水圏応用科学およびその関連分野,"Medium-sized Section 40:Forestry and forest products science, applied aquatic science, and related fields",225,40040,小区分40040:水圏生命科学関連,Basic Section 40040:Aquatic life science-related
205,F,大区分F,Broad Section F,226,41,中区分41:社会経済農学、農業工学およびその関連分野,"Medium-sized Section 41:Agricultural economics and rural sociology, agricultural engineering, and related fields",227,41010,小区分41010:食料農業経済関連,Basic Section 41010:Agricultural and food economics-related
205,F,大区分F,Broad Section F,226,41,中区分41:社会経済農学、農業工学およびその関連分野,"Medium-sized Section 41:Agricultural economics and rural sociology, agricultural engineering, and related fields",228,41020,小区分41020:農業社会構造関連,Basic Section 41020:Rural sociology and agricultural structure-related
205,F,大区分F,Broad Section F,226,41,中区分41:社会経済農学、農業工学およびその関連分野,"Medium-sized Section 41:Agricultural economics and rural sociology, agricultural engineering, and related fields",229,41030,小区分41030:地域環境工学および農村計画学関連,Basic Section 41030:Rural environmental engineering and planning-related
205,F,大区分F,Broad Section F,226,41,中区分41:社会経済農学、農業工学およびその関連分野,"Medium-sized Section 41:Agricultural economics and rural sociology, agricultural engineering, and related fields",230,41040,小区分41040:農業環境工学および農業情報工学関連,Basic Section 41040:Agricultural environmental engineering and agricultural information engineering-related
205,F,大区分F,Broad Section F,226,41,中区分41:社会経済農学、農業工学およびその関連分野,"Medium-sized Section 41:Agricultural economics and rural sociology, agricultural engineering, and related fields",231,41050,小区分41050:環境農学関連,Basic Section 41050:Environmental agriculture-related
205,F,大区分F,Broad Section F,232,42,中区分42:獣医学、畜産学およびその関連分野,"Medium-sized Section 42:Veterinary medical science, animal science, and related fields",233,42010,小区分42010:動物生産科学関連,Basic Section 42010:Animal production science-related
205,F,大区分F,Broad Section F,232,42,中区分42:獣医学、畜産学およびその関連分野,"Medium-sized Section 42:Veterinary medical science, animal science, and related fields",234,42020,小区分42020:獣医学関連,Basic Section 42020:Veterinary medical science-related
205,F,大区分F,Broad Section F,232,42,中区分42:獣医学、畜産学およびその関連分野,"Medium-sized Section 42:Veterinary medical science, animal science, and related fields",235,42030,小区分42030:動物生命科学関連,Basic Section 42030:Animal life science-related
205,F,大区分F,Broad Section F,232,42,中区分42:獣医学、畜産学およびその関連分野,"Medium-sized Section 42:Veterinary medical science, animal science, and related fields",236,42040,小区分42040:実験動物学関連,Basic Section 42040:Laboratory animal science-related
237,G,大区分G,Broad Section G,238,43,中区分43:分子レベルから細胞レベルの生物学およびその関連分野,"Medium-sized Section 43:Biology at molecular to cellular levels, and related fields",239,43010,小区分43010:分子生物学関連,Basic Section 43010:Molecular biology-related
237,G,大区分G,Broad Section G,238,43,中区分43:分子レベルから細胞レベルの生物学およびその関連分野,"Medium-sized Section 43:Biology at molecular to cellular levels, and related fields",240,43020,小区分43020:構造生物化学関連,Basic Section 43020:Structural biochemistry-related
237,G,大区分G,Broad Section G,238,43,中区分43:分子レベルから細胞レベルの生物学およびその関連分野,"Medium-sized Section 43:Biology at molecular to cellular levels, and related fields",241,43030,小区分43030:機能生物化学関連,Basic Section 43030:Functional biochemistry-related
237,G,大区分G,Broad Section G,238,43,中区分43:分子レベルから細胞レベルの生物学およびその関連分野,"Medium-sized Section 43:Biology at molecular to cellular levels, and related fields",242,43040,小区分43040:生物物理学関連,Basic Section 43040:Biophysics-related
237,G,大区分G,Broad Section G,238,43,中区分43:分子レベルから細胞レベルの生物学およびその関連分野,"Medium-sized Section 43:Biology at molecular to cellular levels, and related fields",243,43050,小区分43050:ゲノム生物学関連,Basic Section 43050:Genome biology-related
237,G,大区分G,Broad Section G,238,43,中区分43:分子レベルから細胞レベルの生物学およびその関連分野,"Medium-sized Section 43:Biology at molecular to cellular levels, and related fields",244,43060,小区分43060:システムゲノム科学関連,Basic Section 43060:System genome science-related
237,G,大区分G,Broad Section G,245,44,中区分44:細胞レベルから個体レベルの生物学およびその関連分野,"Medium-sized Section 44:Biology at cellular to organismal levels, and related fields",246,44010,小区分44010:細胞生物学関連,Basic Section 44010:Cell biology-related
237,G,大区分G,Broad Section G,245,44,中区分44:細胞レベルから個体レベルの生物学およびその関連分野,"Medium-sized Section 44:Biology at cellular to organismal levels, and related fields",247,44020,小区分44020:発生生物学関連,Basic Section 44020:Developmental biology-related
237,G,大区分G,Broad Section G,245,44,中区分44:細胞レベルから個体レベルの生物学およびその関連分野,"Medium-sized Section 44:Biology at cellular to organismal levels, and related fields",248,44030,小区分44030:植物分子および生理科学関連,Basic Section 44030:Plant molecular biology and physiology-related
237,G,大区分G,Broad Section G,245,44,中区分44:細胞レベルから個体レベルの生物学およびその関連分野,"Medium-sized Section 44:Biology at cellular to organismal levels, and related fields",249,44040,小区分44040:形態および構造関連,Basic Section 44040:Morphology and anatomical structure-related
237,G,大区分G,Broad Section G,245,44,中区分44:細胞レベルから個体レベルの生物学およびその関連分野,"Medium-sized Section 44:Biology at cellular to organismal levels, and related fields",250,44050,小区分44050:動物生理化学、生理学および行動学関連,"Basic Section 44050:Animal physiological chemistry, physiology and behavioral biology-related"
237,G,大区分G,Broad Section G,251,45,中区分45:個体レベルから集団レベルの生物学と人類学およびその関連分野,"Medium-sized Section 45:Biology at organismal to population levels and anthropology, and related fields",252,45010,小区分45010:遺伝学関連,Basic Section 45010:Genetics-related
237,G,大区分G,Broad Section G,251,45,中区分45:個体レベルから集団レベルの生物学と人類学およびその関連分野,"Medium-sized Section 45:Biology at organismal to population levels and anthropology, and related fields",253,45020,小区分45020:進化生物学関連,Basic Section 45020:Evolutionary biology-related
237,G,大区分G,Broad Section G,251,45,中区分45:個体レベルから集団レベルの生物学と人類学およびその関連分野,"Medium-sized Section 45:Biology at organismal to population levels and anthropology, and related fields",254,45030,小区分45030:多様性生物学および分類学関連,Basic Section 45030:Biodiversity and systematics-related
237,G,大区分G,Broad Section G,251,45,中区分45:個体レベルから集団レベルの生物学と人類学およびその関連分野,"Medium-sized Section 45:Biology at organismal to population levels and anthropology, and related fields",255,45040,小区分45040:生態学および環境学関連,Basic Section 45040:Ecology and environment-related
237,G,大区分G,Broad Section G,251,45,中区分45:個体レベルから集団レベルの生物学と人類学およびその関連分野,"Medium-sized Section 45:Biology at organismal to population levels and anthropology, and related fields",256,45050,小区分45050:自然人類学関連,Basic Section 45050:Physical anthropology-related
237,G,大区分G,Broad Section G,251,45,中区分45:個体レベルから集団レベルの生物学と人類学およびその関連分野,"Medium-sized Section 45:Biology at organismal to population levels and anthropology, and related fields",257,45060,小区分45060:応用人類学関連,Basic Section 45060:Applied anthropology-related
237,G,大区分G,Broad Section G,258,46,中区分46:神経科学およびその関連分野,Medium-sized Section 46:Neuroscience and related fields,259,46010,小区分46010:神経科学一般関連,Basic Section 46010:Neuroscience-general-related
237,G,大区分G,Broad Section G,258,46,中区分46:神経科学およびその関連分野,Medium-sized Section 46:Neuroscience and related fields,260,46020,小区分46020:神経形態学関連,Basic Section 46020:Anatomy and histopathology of nervous system-related
237,G,大区分G,Broad Section G,258,46,中区分46:神経科学およびその関連分野,Medium-sized Section 46:Neuroscience and related fields,261,46030,小区分46030:神経機能学関連,Basic Section 46030:Function of nervous system-related
262,H,大区分H,Broad Section H,263,47,中区分47:薬学およびその関連分野,Medium-sized Section 47:Pharmaceutical sciences and related fields,264,47010,小区分47010:薬系化学および創薬科学関連,Basic Section 47010:Pharmaceutical chemistry and drug development sciences-related
262,H,大区分H,Broad Section H,263,47,中区分47:薬学およびその関連分野,Medium-sized Section 47:Pharmaceutical sciences and related fields,265,47020,小区分47020:薬系分析および物理化学関連,Basic Section 47020:Pharmaceutical analytical chemistry and physicochemistry-related
262,H,大区分H,Broad Section H,263,47,中区分47:薬学およびその関連分野,Medium-sized Section 47:Pharmaceutical sciences and related fields,266,47030,小区分47030:薬系衛生および生物化学関連,Basic Section 47030:Pharmaceutical hygiene and biochemistry-related
262,H,大区分H,Broad Section H,263,47,中区分47:薬学およびその関連分野,Medium-sized Section 47:Pharmaceutical sciences and related fields,267,47040,小区分47040:薬理学関連,Basic Section 47040:Pharmacology-related
262,H,大区分H,Broad Section H,263,47,中区分47:薬学およびその関連分野,Medium-sized Section 47:Pharmaceutical sciences and related fields,268,47050,小区分47050:環境および天然医薬資源学関連,Basic Section 47050:Environmental and natural pharmaceutical resources-related
262,H,大区分H,Broad Section H,263,47,中区分47:薬学およびその関連分野,Medium-sized Section 47:Pharmaceutical sciences and related fields,269,47060,小区分47060:医療薬学関連,Basic Section 47060:Clinical pharmacy-related
262,H,大区分H,Broad Section H,270,48,中区分48:生体の構造と機能およびその関連分野,Medium-sized Section 48:Biomedical structure and function and related fields,271,48010,小区分48010:解剖学関連,Basic Section 48010:Anatomy-related
262,H,大区分H,Broad Section H,270,48,中区分48:生体の構造と機能およびその関連分野,Medium-sized Section 48:Biomedical structure and function and related fields,272,48020,小区分48020:生理学関連,Basic Section 48020:Physiology-related
262,H,大区分H,Broad Section H,270,48,中区分48:生体の構造と機能およびその関連分野,Medium-sized Section 48:Biomedical structure and function and related fields,273,48030,小区分48030:薬理学関連,Basic Section 48030:Pharmacology-related
262,H,大区分H,Broad Section H,270,48,中区分48:生体の構造と機能およびその関連分野,Medium-sized Section 48:Biomedical structure and function and related fields,274,48040,小区分48040:医化学関連,Basic Section 48040:Medical biochemistry-related
262,H,大区分H,Broad Section H,275,49,中区分49:病理病態学、感染・免疫学およびその関連分野,"Medium-sized Section 49:Pathology, infection/immunology, and related fields",276,49010,小区分49010:病態医化学関連,Basic Section 49010:Pathological biochemistry-related
262,H,大区分H,Broad Section H,275,49,中区分49:病理病態学、感染・免疫学およびその関連分野,"Medium-sized Section 49:Pathology, infection/immunology, and related fields",277,49020,小区分49020:人体病理学関連,Basic Section 49020:Human pathology-related
262,H,大区分H,Broad Section H,275,49,中区分49:病理病態学、感染・免疫学およびその関連分野,"Medium-sized Section 49:Pathology, infection/immunology, and related fields",278,49030,小区分49030:実験病理学関連,Basic Section 49030:Experimental pathology-related
262,H,大区分H,Broad Section H,275,49,中区分49:病理病態学、感染・免疫学およびその関連分野,"Medium-sized Section 49:Pathology, infection/immunology, and related fields",279,49040,小区分49040:寄生虫学関連,Basic Section 49040:Parasitology-related
262,H,大区分H,Broad Section H,275,49,中区分49:病理病態学、感染・免疫学およびその関連分野,"Medium-sized Section 49:Pathology, infection/immunology, and related fields",280,49050,小区分49050:細菌学関連,Basic Section 49050:Bacteriology-related
262,H,大区分H,Broad Section H,275,49,中区分49:病理病態学、感染・免疫学およびその関連分野,"Medium-sized Section 49:Pathology, infection/immunology, and related fields",281,49060,小区分49060:ウイルス学関連,Basic Section 49060:Virology-related
262,H,大区分H,Broad Section H,275,49,中区分49:病理病態学、感染・免疫学およびその関連分野,"Medium-sized Section 49:Pathology, infection/immunology, and related fields",282,49070,小区分49070:免疫学関連,Basic Section 49070:Immunology-related
283,I,大区分I,Broad Section I,284,50,中区分50:腫瘍学およびその関連分野,Medium-sized Section 50:Oncology and related fields,285,50010,小区分50010:腫瘍生物学関連,Basic Section 50010:Tumor biology-related
283,I,大区分I,Broad Section I,284,50,中区分50:腫瘍学およびその関連分野,Medium-sized Section 50:Oncology and related fields,286,50020,小区分50020:腫瘍診断および治療学関連,Basic Section 50020:Tumor diagnostics and therapeutics-related
283,I,大区分I,Broad Section I,287,51,中区分51:ブレインサイエンスおよびその関連分野,Medium-sized Section 51:Brain sciences and related fields,288,51010,小区分51010:基盤脳科学関連,Basic Section 51010:Basic brain sciences-related
283,I,大区分I,Broad Section I,287,51,中区分51:ブレインサイエンスおよびその関連分野,Medium-sized Section 51:Brain sciences and related fields,289,51020,小区分51020:認知脳科学関連,Basic Section 51020:Cognitive and brain science-related
283,I,大区分I,Broad Section I,287,51,中区分51:ブレインサイエンスおよびその関連分野,Medium-sized Section 51:Brain sciences and related fields,290,51030,小区分51030:病態神経科学関連,Basic Section 51030:Pathophysiologic neuroscience-related
283,I,大区分I,Broad Section I,291,52,中区分52:内科学一般およびその関連分野,Medium-sized Section 52:General internal medicine and related fields,292,52010,小区分52010:内科学一般関連,Basic Section 52010:General internal medicine-related
283,I,大区分I,Broad Section I,291,52,中区分52:内科学一般およびその関連分野,Medium-sized Section 52:General internal medicine and related fields,293,52020,小区分52020:神経内科学関連,Basic Section 52020:Neurology-related
283,I,大区分I,Broad Section I,291,52,中区分52:内科学一般およびその関連分野,Medium-sized Section 52:General internal medicine and related fields,294,52030,小区分52030:精神神経科学関連,Basic Section 52030:Psychiatry-related
283,I,大区分I,Broad Section I,291,52,中区分52:内科学一般およびその関連分野,Medium-sized Section 52:General internal medicine and related fields,295,52040,小区分52040:放射線科学関連,Basic Section 52040:Radiological sciences-related
283,I,大区分I,Broad Section I,291,52,中区分52:内科学一般およびその関連分野,Medium-sized Section 52:General internal medicine and related fields,296,52050,小区分52050:胎児医学および小児成育学関連,Basic Section 52050:Embryonic medicine and pediatrics-related
283,I,大区分I,Broad Section I,297,53,中区分53:器官システム内科学およびその関連分野,Medium-sized Section 53:Organ-based internal medicine and related fields,298,53010,小区分53010:消化器内科学関連,Basic Section 53010:Gastroenterology-related
283,I,大区分I,Broad Section I,297,53,中区分53:器官システム内科学およびその関連分野,Medium-sized Section 53:Organ-based internal medicine and related fields,299,53020,小区分53020:循環器内科学関連,Basic Section 53020:Cardiology-related
283,I,大区分I,Broad Section I,297,53,中区分53:器官システム内科学およびその関連分野,Medium-sized Section 53:Organ-based internal medicine and related fields,300,53030,小区分53030:呼吸器内科学関連,Basic Section 53030:Respiratory medicine-related
283,I,大区分I,Broad Section I,297,53,中区分53:器官システム内科学およびその関連分野,Medium-sized Section 53:Organ-based internal medicine and related fields,301,53040,小区分53040:腎臓内科学関連,Basic Section 53040:Nephrology-related
283,I,大区分I,Broad Section I,297,53,中区分53:器官システム内科学およびその関連分野,Medium-sized Section 53:Organ-based internal medicine and related fields,302,53050,小区分53050:皮膚科学関連,Basic Section 53050:Dermatology-related
283,I,大区分I,Broad Section I,303,54,中区分54:生体情報内科学およびその関連分野,Medium-sized Section 54:Internal medicine of the bio-information integration and related fields,304,54010,小区分54010:血液および腫瘍内科学関連,Basic Section 54010:Hematology and medical oncology-related
283,I,大区分I,Broad Section I,303,54,中区分54:生体情報内科学およびその関連分野,Medium-sized Section 54:Internal medicine of the bio-information integration and related fields,305,54020,小区分54020:膠原病およびアレルギー内科学関連,Basic Section 54020:Connective tissue disease and allergy-related
283,I,大区分I,Broad Section I,303,54,中区分54:生体情報内科学およびその関連分野,Medium-sized Section 54:Internal medicine of the bio-information integration and related fields,306,54030,小区分54030:感染症内科学関連,Basic Section 54030:Infectious disease medicine-related
283,I,大区分I,Broad Section I,303,54,中区分54:生体情報内科学およびその関連分野,Medium-sized Section 54:Internal medicine of the bio-information integration and related fields,307,54040,小区分54040:代謝および内分泌学関連,Basic Section 54040:Metabolism and endocrinology-related
283,I,大区分I,Broad Section I,308,55,中区分55:恒常性維持器官の外科学およびその関連分野,Medium-sized Section 55:Surgery of the organs maintaining homeostasis and related fields,309,55010,小区分55010:外科学一般および小児外科学関連,Basic Section 55010:General surgery and pediatric surgery-related
283,I,大区分I,Broad Section I,308,55,中区分55:恒常性維持器官の外科学およびその関連分野,Medium-sized Section 55:Surgery of the organs maintaining homeostasis and related fields,310,55020,小区分55020:消化器外科学関連,Basic Section 55020:Digestive surgery-related
283,I,大区分I,Broad Section I,308,55,中区分55:恒常性維持器官の外科学およびその関連分野,Medium-sized Section 55:Surgery of the organs maintaining homeostasis and related fields,311,55030,小区分55030:心臓血管外科学関連,Basic Section 55030:Cardiovascular surgery-related
283,I,大区分I,Broad Section I,308,55,中区分55:恒常性維持器官の外科学およびその関連分野,Medium-sized Section 55:Surgery of the organs maintaining homeostasis and related fields,312,55040,小区分55040:呼吸器外科学関連,Basic Section 55040:Respiratory surgery-related
283,I,大区分I,Broad Section I,308,55,中区分55:恒常性維持器官の外科学およびその関連分野,Medium-sized Section 55:Surgery of the organs maintaining homeostasis and related fields,313,55050,小区分55050:麻酔科学関連,Basic Section 55050:Anesthesiology-related
283,I,大区分I,Broad Section I,308,55,中区分55:恒常性維持器官の外科学およびその関連分野,Medium-sized Section 55:Surgery of the organs maintaining homeostasis and related fields,314,55060,小区分55060:救急医学関連,Basic Section 55060:Emergency medicine-related
283,I,大区分I,Broad Section I,315,56,中区分56:生体機能および感覚に関する外科学およびその関連分野,Medium-sized Section 56:Surgery related to the biological and sensory functions and related fields,316,56010,小区分56010:脳神経外科学関連,Basic Section 56010:Neurosurgery-related
283,I,大区分I,Broad Section I,315,56,中区分56:生体機能および感覚に関する外科学およびその関連分野,Medium-sized Section 56:Surgery related to the biological and sensory functions and related fields,317,56020,小区分56020:整形外科学関連,Basic Section 56020:Orthopedics-related
283,I,大区分I,Broad Section I,315,56,中区分56:生体機能および感覚に関する外科学およびその関連分野,Medium-sized Section 56:Surgery related to the biological and sensory functions and related fields,318,56030,小区分56030:泌尿器科学関連,Basic Section 56030:Urology-related
283,I,大区分I,Broad Section I,315,56,中区分56:生体機能および感覚に関する外科学およびその関連分野,Medium-sized Section 56:Surgery related to the biological and sensory functions and related fields,319,56040,小区分56040:産婦人科学関連,Basic Section 56040:Obstetrics and gynecology-related
283,I,大区分I,Broad Section I,315,56,中区分56:生体機能および感覚に関する外科学およびその関連分野,Medium-sized Section 56:Surgery related to the biological and sensory functions and related fields,320,56050,小区分56050:耳鼻咽喉科学関連,Basic Section 56050:Otorhinolaryngology-related
283,I,大区分I,Broad Section I,315,56,中区分56:生体機能および感覚に関する外科学およびその関連分野,Medium-sized Section 56:Surgery related to the biological and sensory functions and related fields,321,56060,小区分56060:眼科学関連,Basic Section 56060:Ophthalmology-related
283,I,大区分I,Broad Section I,315,56,中区分56:生体機能および感覚に関する外科学およびその関連分野,Medium-sized Section 56:Surgery related to the biological and sensory functions and related fields,322,56070,小区分56070:形成外科学関連,Basic Section 56070:Plastic and reconstructive surgery-related
283,I,大区分I,Broad Section I,323,57,中区分57:口腔科学およびその関連分野,Medium-sized Section 57:Oral science and related fields,324,57010,小区分57010:常態系口腔科学関連,Basic Section 57010:Oral biological science-related
283,I,大区分I,Broad Section I,323,57,中区分57:口腔科学およびその関連分野,Medium-sized Section 57:Oral science and related fields,325,57020,小区分57020:病態系口腔科学関連,Basic Section 57020:Oral pathobiological science-related
283,I,大区分I,Broad Section I,323,57,中区分57:口腔科学およびその関連分野,Medium-sized Section 57:Oral science and related fields,326,57030,小区分57030:保存治療系歯学関連,Basic Section 57030:Conservative dentistry-related
283,I,大区分I,Broad Section I,323,57,中区分57:口腔科学およびその関連分野,Medium-sized Section 57:Oral science and related fields,327,57040,小区分57040:口腔再生医学および歯科医用工学関連,Basic Section 57040:Regenerative dentistry and dental engineering-related
283,I,大区分I,Broad Section I,323,57,中区分57:口腔科学およびその関連分野,Medium-sized Section 57:Oral science and related fields,328,57050,小区分57050:補綴系歯学関連,Basic Section 57050:Prosthodontics-related
283,I,大区分I,Broad Section I,323,57,中区分57:口腔科学およびその関連分野,Medium-sized Section 57:Oral science and related fields,329,57060,小区分57060:外科系歯学関連,Basic Section 57060:Surgical dentistry-related
283,I,大区分I,Broad Section I,323,57,中区分57:口腔科学およびその関連分野,Medium-sized Section 57:Oral science and related fields,330,57070,小区分57070:成長および発育系歯学関連,Basic Section 57070:Developmental dentistry-related
283,I,大区分I,Broad Section I,323,57,中区分57:口腔科学およびその関連分野,Medium-sized Section 57:Oral science and related fields,331,57080,小区分57080:社会系歯学関連,Basic Section 57080:Social dentistry-related
283,I,大区分I,Broad Section I,332,58,中区分58:社会医学、看護学およびその関連分野,"Medium-sized Section 58:Society medicine, nursing, and related fields",333,58010,小区分58010:医療管理学および医療系社会学関連,Basic Section 58010:Medical management and medical sociology-related
283,I,大区分I,Broad Section I,332,58,中区分58:社会医学、看護学およびその関連分野,"Medium-sized Section 58:Society medicine, nursing, and related fields",334,58020,小区分58020:衛生学および公衆衛生学分野関連:実験系を含む,Basic Section 58020:Hygiene and public health-related: including laboratory approach
283,I,大区分I,Broad Section I,332,58,中区分58:社会医学、看護学およびその関連分野,"Medium-sized Section 58:Society medicine, nursing, and related fields",335,58030,小区分58030:衛生学および公衆衛生学分野関連:実験系を含まない,Basic Section 58030:Hygiene and public health-related: excluding laboratory approach
283,I,大区分I,Broad Section I,332,58,中区分58:社会医学、看護学およびその関連分野,"Medium-sized Section 58:Society medicine, nursing, and related fields",336,58040,小区分58040:法医学関連,Basic Section 58040:Forensics medicine-related
283,I,大区分I,Broad Section I,332,58,中区分58:社会医学、看護学およびその関連分野,"Medium-sized Section 58:Society medicine, nursing, and related fields",337,58050,小区分58050:基礎看護学関連,Basic Section 58050:Fundamental of nursing-related
283,I,大区分I,Broad Section I,332,58,中区分58:社会医学、看護学およびその関連分野,"Medium-sized Section 58:Society medicine, nursing, and related fields",338,58060,小区分58060:臨床看護学関連,Basic Section 58060:Clinical nursing-related
283,I,大区分I,Broad Section I,332,58,中区分58:社会医学、看護学およびその関連分野,"Medium-sized Section 58:Society medicine, nursing, and related fields",339,58070,小区分58070:生涯発達看護学関連,Basic Section 58070:Lifelong developmental nursing-related
283,I,大区分I,Broad Section I,332,58,中区分58:社会医学、看護学およびその関連分野,"Medium-sized Section 58:Society medicine, nursing, and related fields",340,58080,小区分58080:高齢者看護学および地域看護学関連,Basic Section 58080:Gerontological nursing and community health nursing-related
283,I,大区分I,Broad Section I,341,59,中区分59:スポーツ科学、体育、健康科学およびその関連分野,"Medium-sized Section 59:Sports sciences, physical education, health sciences, and related fields",342,59010,小区分59010:リハビリテーション科学関連,Basic Section 59010:Rehabilitation science-related
283,I,大区分I,Broad Section I,341,59,中区分59:スポーツ科学、体育、健康科学およびその関連分野,"Medium-sized Section 59:Sports sciences, physical education, health sciences, and related fields",343,59020,小区分59020:スポーツ科学関連,Basic Section 59020:Sports sciences-related
283,I,大区分I,Broad Section I,341,59,中区分59:スポーツ科学、体育、健康科学およびその関連分野,"Medium-sized Section 59:Sports sciences, physical education, health sciences, and related fields",344,59030,小区分59030:体育および身体教育学関連,"Basic Section 59030:Physical education, and physical and health education-related"
283,I,大区分I,Broad Section I,341,59,中区分59:スポーツ科学、体育、健康科学およびその関連分野,"Medium-sized Section 59:Sports sciences, physical education, health sciences, and related fields",345,59040,小区分59040:栄養学および健康科学関連,Basic Section 59040:Nutrition science and health science-related
283,I,大区分I,Broad Section I,177,90,中区分90:人間医工学およびその関連分野,Medium-sized Section 90:Biomedical engineering and related fields,178,90110,小区分90110:生体医工学関連,Basic Section 90110:Biomedical engineering-related
283,I,大区分I,Broad Section I,177,90,中区分90:人間医工学およびその関連分野,Medium-sized Section 90:Biomedical engineering and related fields,179,90120,小区分90120:生体材料学関連,Basic Section 90120:Biomaterials-related
283,I,大区分I,Broad Section I,177,90,中区分90:人間医工学およびその関連分野,Medium-sized Section 90:Biomedical engineering and related fields,180,90130,小区分90130:医用システム関連,Basic Section 90130:Medical systems-related
283,I,大区分I,Broad Section I,177,90,中区分90:人間医工学およびその関連分野,Medium-sized Section 90:Biomedical engineering and related fields,181,90140,小区分90140:医療技術評価学関連,Basic Section 90140:Medical technology assessment-related
283,I,大区分I,Broad Section I,177,90,中区分90:人間医工学およびその関連分野,Medium-sized Section 90:Biomedical engineering and related fields,182,90150,小区分90150:医療福祉工学関連,Basic Section 90150:Medical assistive technology-related
346,J,大区分J,Broad Section J,347,60,中区分60:情報科学、情報工学およびその関連分野,"Medium-sized Section 60:Information science, computer engineering, and related fields",348,60010,小区分60010:情報学基礎論関連,Basic Section 60010:Theory of informatics-related
346,J,大区分J,Broad Section J,347,60,中区分60:情報科学、情報工学およびその関連分野,"Medium-sized Section 60:Information science, computer engineering, and related fields",349,60020,小区分60020:数理情報学関連,Basic Section 60020:Mathematical informatics-related
346,J,大区分J,Broad Section J,347,60,中区分60:情報科学、情報工学およびその関連分野,"Medium-sized Section 60:Information science, computer engineering, and related fields",350,60030,小区分60030:統計科学関連,Basic Section 60030:Statistical science-related
346,J,大区分J,Broad Section J,347,60,中区分60:情報科学、情報工学およびその関連分野,"Medium-sized Section 60:Information science, computer engineering, and related fields",351,60040,小区分60040:計算機システム関連,Basic Section 60040:Computer system-related
346,J,大区分J,Broad Section J,347,60,中区分60:情報科学、情報工学およびその関連分野,"Medium-sized Section 60:Information science, computer engineering, and related fields",352,60050,小区分60050:ソフトウェア関連,Basic Section 60050:Software-related
346,J,大区分J,Broad Section J,347,60,中区分60:情報科学、情報工学およびその関連分野,"Medium-sized Section 60:Information science, computer engineering, and related fields",353,60060,小区分60060:情報ネットワーク関連,Basic Section 60060:Information network-related
346,J,大区分J,Broad Section J,347,60,中区分60:情報科学、情報工学およびその関連分野,"Medium-sized Section 60:Information science, computer engineering, and related fields",354,60070,小区分60070:情報セキュリティ関連,Basic Section 60070:Information security-related
346,J,大区分J,Broad Section J,347,60,中区分60:情報科学、情報工学およびその関連分野,"Medium-sized Section 60:Information science, computer engineering, and related fields",355,60080,小区分60080:データベース関連,Basic Section 60080:Database-related
346,J,大区分J,Broad Section J,347,60,中区分60:情報科学、情報工学およびその関連分野,"Medium-sized Section 60:Information science, computer engineering, and related fields",356,60090,小区分60090:高性能計算関連,Basic Section 60090:High performance computing-related
346,J,大区分J,Broad Section J,347,60,中区分60:情報科学、情報工学およびその関連分野,"Medium-sized Section 60:Information science, computer engineering, and related fields",357,60100,小区分60100:計算科学関連,Basic Section 60100:Computational science-related
346,J,大区分J,Broad Section J,358,61,中区分61:人間情報学およびその関連分野,Medium-sized Section 61:Human informatics and related fields,359,61010,小区分61010:知覚情報処理関連,Basic Section 61010:Perceptual information processing-related
346,J,大区分J,Broad Section J,358,61,中区分61:人間情報学およびその関連分野,Medium-sized Section 61:Human informatics and related fields,360,61020,小区分61020:ヒューマンインタフェースおよびインタラクション関連,Basic Section 61020:Human interface and interaction-related
346,J,大区分J,Broad Section J,358,61,中区分61:人間情報学およびその関連分野,Medium-sized Section 61:Human informatics and related fields,361,61030,小区分61030:知能情報学関連,Basic Section 61030:Intelligent informatics-related
346,J,大区分J,Broad Section J,358,61,中区分61:人間情報学およびその関連分野,Medium-sized Section 61:Human informatics and related fields,362,61040,小区分61040:ソフトコンピューティング関連,Basic Section 61040:Soft computing-related
346,J,大区分J,Broad Section J,358,61,中区分61:人間情報学およびその関連分野,Medium-sized Section 61:Human informatics and related fields,363,61050,小区分61050:知能ロボティクス関連,Basic Section 61050:Intelligent robotics-related
346,J,大区分J,Broad Section J,358,61,中区分61:人間情報学およびその関連分野,Medium-sized Section 61:Human informatics and related fields,364,61060,小区分61060:感性情報学関連,Basic Section 61060:Kansei informatics-related
346,J,大区分J,Broad Section J,358,61,中区分61:人間情報学およびその関連分野,Medium-sized Section 61:Human informatics and related fields,11,90010,小区分90010:デザイン学関連,Basic Section 90010:Design-related
346,J,大区分J,Broad Section J,358,61,中区分61:人間情報学およびその関連分野,Medium-sized Section 61:Human informatics and related fields,79,90030,小区分90030:認知科学関連,Basic Section 90030:Cognitive science-related
346,J,大区分J,Broad Section J,365,62,中区分62:応用情報学およびその関連分野,Medium-sized Section 62:Applied informatics and related fields,366,62010,小区分62010:生命、健康および医療情報学関連,"Basic Section 62010:Life, health and medical informatics-related"
346,J,大区分J,Broad Section J,365,62,中区分62:応用情報学およびその関連分野,Medium-sized Section 62:Applied informatics and related fields,367,62020,小区分62020:ウェブ情報学およびサービス情報学関連,Basic Section 62020:Web informatics and service informatics-related
346,J,大区分J,Broad Section J,365,62,中区分62:応用情報学およびその関連分野,Medium-sized Section 62:Applied informatics and related fields,368,62030,小区分62030:学習支援システム関連,Basic Section 62030:Learning support system-related
346,J,大区分J,Broad Section J,365,62,中区分62:応用情報学およびその関連分野,Medium-sized Section 62:Applied informatics and related fields,369,62040,小区分62040:エンタテインメントおよびゲーム情報学関連,Basic Section 62040:Entertainment and game informatics-related
346,J,大区分J,Broad Section J,365,62,中区分62:応用情報学およびその関連分野,Medium-sized Section 62:Applied informatics and related fields,23,90020,小区分90020:図書館情報学および人文社会情報学関連,"Basic Section 90020:Library and information science, humanistic and social informatics-related"
370,K,大区分K,Broad Section K,371,63,中区分63:環境解析評価およびその関連分野,Medium-sized Section 63:Environmental analyses and evaluation and related fields,372,63010,小区分63010:環境動態解析関連,Basic Section 63010:Environmental dynamic analysis-related
370,K,大区分K,Broad Section K,371,63,中区分63:環境解析評価およびその関連分野,Medium-sized Section 63:Environmental analyses and evaluation and related fields,373,63020,小区分63020:放射線影響関連,Basic Section 63020:Radiation influence-related
370,K,大区分K,Broad Section K,371,63,中区分63:環境解析評価およびその関連分野,Medium-sized Section 63:Environmental analyses and evaluation and related fields,374,63030,小区分63030:化学物質影響関連,Basic Section 63030:Chemical substance influence on environment-related
370,K,大区分K,Broad Section K,371,63,中区分63:環境解析評価およびその関連分野,Medium-sized Section 63:Environmental analyses and evaluation and related fields,375,63040,小区分63040:環境影響評価関連,Basic Section 63040:Environmental impact assessment-related
370,K,大区分K,Broad Section K,376,64,中区分64:環境保全対策およびその関連分野,Medium-sized Section 64:Environmental conservation measure and related fields,377,64010,小区分64010:環境負荷およびリスク評価管理関連,Basic Section 64010:Environmental load and risk assessment-related
370,K,大区分K,Broad Section K,376,64,中区分64:環境保全対策およびその関連分野,Medium-sized Section 64:Environmental conservation measure and related fields,378,64020,小区分64020:環境負荷低減技術および保全修復技術関連,Basic Section 64020:Environmental load reduction and remediation-related
370,K,大区分K,Broad Section K,376,64,中区分64:環境保全対策およびその関連分野,Medium-sized Section 64:Environmental conservation measure and related fields,379,64030,小区分64030:環境材料およびリサイクル技術関連,Basic Section 64030:Environmental materials and recycle technology-related
370,K,大区分K,Broad Section K,376,64,中区分64:環境保全対策およびその関連分野,Medium-sized Section 64:Environmental conservation measure and related fields,380,64040,小区分64040:自然共生システム関連,Basic Section 64040:Social-ecological systems-related
370,K,大区分K,Broad Section K,376,64,中区分64:環境保全対策およびその関連分野,Medium-sized Section 64:Environmental conservation measure and related fields,381,64050,小区分64050:循環型社会システム関連,Basic Section 64050:Sound material-cycle social systems-related
370,K,大区分K,Broad Section K,376,64,中区分64:環境保全対策およびその関連分野,Medium-sized Section 64:Environmental conservation measure and related fields,382,64060,小区分64060:環境政策および環境配慮型社会関連,Basic Section 64060:Environmental policy and social systems-related
